[
  {
    "question": "Which of these sea creatures is the largest animal on Earth?",
    "options": ["Sperm Whale", "Blue Whale", "Giant Squid", "Whale Shark"],
    "correct": "Blue Whale"
  },
  {
    "question": "True or false; the jellyfish is the only sea creature without a brain?",
    "options": ["True", "False"],
    "correct": "False"
  },
  {
    "question": "Which of these marine animals is the fastest?",
    "options": ["Flying Fish", "Sailfish", "Black Marlin", "Humboldt Squid"],
    "correct": "Black Marlin"
  },
  {
    "question": "True or false; a fish's age can be determined by counting the growth rings in its scales",
    "options": ["True", "False"],
    "correct": "True"
  },
  {
    "question": "Which of these seafood delicacies is the most expensive?",
    "options": ["Shark Fin Soup", "Cut of Bluefin Tuna", "Caviar"],
    "correct": "Shark Fin Soup"
  },
  {
    "question": "True or false; there is a fish that can walk on land",
    "options": ["True", "False"],
    "correct": "True"
  },
  {
    "question": "True or false; all of the following fish can camouflage: Octopus, squid, cuttlefish, stonefish",
    "options": ["True", "False"],
    "correct": "True"
  },
  {
    "question": "A school of fish is guided by the fish at the head of the school",
    "options": ["True", "False"],
    "correct": "False"
  },
  {
    "question": "Which of these sea creatures ejects its stomach to eat prey?",
    "options": ["Sea Cucumber", "Starfish", "Sea anemone"],
    "correct": "Starfish"
  },
  {
    "question": "True or False: Most of the ocean has been explored, and we have not discovered new marine life recently.",
    "options": ["True", "False"],
    "correct": "False"
  }
]
